3316;14;59;CONSERVACION Y RESTAURACION DE BIENES MUEBLES;757;4;3;6756000;10;1;1;"2016-05-01";sitioweb@uexternado.edu.co
2930;14;59;LICENCIATURA EN PEDAGOGIA Y PSICOLOGIA;1109;12;3;0;8;1;1;"2016-05-01";sitioweb@uexternado.edu.co
2931;14;59;COMUNICACION SOCIAL- PERIODISMO;1110;30;3;6592000;9;1;1;"2016-05-01";sitioweb@uexternado.edu.co
2932;14;59;TRABAJO SOCIAL;1111;24;3;4467000;10;1;1;"2016-05-01";sitioweb@uexternado.edu.co
2933;14;59;DERECHO;1112;32;3;15268000;5;1;1;"2016-05-01";sitioweb@uexternado.edu.co
2934;14;59;ECONOMIA;1113;36;3;7541000;9;1;1;"2016-05-01";sitioweb@uexternado.edu.co
2935;14;59;FINANZAS Y RELACIONES INTERNACIONALES;1114;34;3;9621000;10;1;1;"2016-05-01";sitioweb@uexternado.edu.co
2936;14;59;ADMINISTRACION DE EMPRESAS;1115;34;3;7699000;9;1;1;"2016-05-01";sitioweb@uexternado.edu.co
2937;14;59;ADMINISTRACION DE EMPRESAS TURISTICAS Y HOTELERAS;1116;34;3;7331000;10;1;1;"2016-05-01";sitioweb@uexternado.edu.co
2938;14;59;CONTADURIA PUBLICA;1117;35;3;4419000;10;1;1;"2016-05-01";sitioweb@uexternado.edu.co
2939;14;59;ESPECIALIZACION EN TRABAJO SOCIAL LABORAL;1119;24;4;0;3;1;1;"2016-05-01";sitioweb@uexternado.edu.co
2940;14;59;ESPECIALIZACION EN DERECHO COMERCIAL;1120;32;4;12310000;1;1;1;"2016-05-01";sitioweb@uexternado.edu.co
2941;14;59;ESPECIALIZACION EN DERECHO DE FAMILIA;1121;32;4;12310000;1;1;1;"2016-05-01";sitioweb@uexternado.edu.co
2942;14;59;ESPECIALIZACION EN DERECHO LABORAL;1122;32;4;0;1;1;1;"2016-05-01";sitioweb@uexternado.edu.co
2943;14;59;ESPECIALIZACION EN DERECHO PUBLICO, CIENCIAS Y SOCIOLOGIA POLITICAS;1123;32;4;13805000;1;1;1;"2016-05-01";sitioweb@uexternado.edu.co
2944;14;59;ESPECIALIZACION EN DERECHO PENAL;1124;32;4;0;2;1;1;"2016-05-01";sitioweb@uexternado.edu.co
2945;14;59;ESPECIALIZACION EN DERECHO LABORAL Y RELACIONES INDUSTRIALES;1125;32;4;12310000;1;1;1;"2016-05-01";sitioweb@uexternado.edu.co
2946;14;59;ESPECIALIZACION EN CIENCIAS PENALES Y CRIMINOLOGICAS;1126;32;4;12895000;2;1;1;"2016-05-01";sitioweb@uexternado.edu.co
2947;14;59;ESPECIALIZACION EN DERECHO PROCESAL CIVIL;1127;32;4;0;1;1;1;"2016-05-01";sitioweb@uexternado.edu.co
2948;14;59;ESPECIALIZACION EN DERECHO DE LOS NEGOCIOS;1128;32;4;0;1;1;1;"2016-05-01";sitioweb@uexternado.edu.co
2949;14;59;ESPECIALIZACION EN DERECHO ECONOMICO;1129;32;4;0;2;1;1;"2016-05-01";sitioweb@uexternado.edu.co
2950;14;59;ESPECIALIZACION EN DERECHO NOTARIAL Y REGISTRAL;1130;32;4;11692000;2;1;1;"2016-05-01";sitioweb@uexternado.edu.co
2951;14;59;ESPECIALIZACION EN NEGOCIOS INTERNACIONALES;1131;34;4;19314000;1;1;1;"2016-05-01";sitioweb@uexternado.edu.co
2952;14;59;ESPECIALIZACION EN GESTION DE ENTIDADES TERRITORIALES;1132;34;4;0;2;1;1;"2016-05-01";sitioweb@uexternado.edu.co
2953;14;59;MAESTRIA EN ORIENTACION Y ASESORIA EDUCATIVA;1133;12;5;0;4;1;1;"2016-05-01";sitioweb@uexternado.edu.co
2954;14;59;MAESTRIA EN ESTRUCTURAS Y PROCESOS DE APRENDIZAJE;1134;12;5;0;3;1;1;"2016-05-01";sitioweb@uexternado.edu.co
2955;14;59;MAESTRIA EN ADMINISTRACION Y SUPERVISION EDUCATIVA;1135;34;5;0;4;1;1;"2016-05-01";sitioweb@uexternado.edu.co
2956;14;59;MAESTR¿A EN AN¿LISIS DE PROBLEMAS POL¿TICOS, ECON¿MICOS E INTERNACIONALES CONTEMPOR¿NEOS;1136;33;5;8400000;4;1;1;"2016-05-01";sitioweb@uexternado.edu.co
2957;14;59;MAESTRIA EN CIENCIAS PENALES Y CRIMINOLOGICAS;1137;32;5;0;1;1;1;"2016-05-01";sitioweb@uexternado.edu.co
2958;14;59;MAESTRIA EN ADMINISTRACION DE EMPRESAS;1138;34;5;24898000;4;1;1;"2016-05-01";sitioweb@uexternado.edu.co
2959;14;59;MAESTRIA EN GOBIERNO MUNICIPAL;1139;34;5;0;4;1;1;"2016-05-01";sitioweb@uexternado.edu.co
2960;14;59;ESPECIALIZACION EN PEDAGOGIA PARA APRENDIZAJE DE LA LECTO-ESCRITURA Y MATEMATICA;2496;12;4;0;3;1;1;"2016-05-01";sitioweb@uexternado.edu.co
2961;14;59;ESPECIALIZACION EN GERENCIA DE IMPUESTOS;2515;34;4;12895000;2;1;1;"2016-05-01";sitioweb@uexternado.edu.co
2962;14;59;ESPECIALIZACION EN COOPERACION INTERNACIONAL Y GESTION DE PROYECTOS PARA EL DESARROLLO;2750;33;4;17560000;1;1;1;"2016-05-01";sitioweb@uexternado.edu.co
2963;14;59;ESPECIALIZACION EN FINANZAS;2919;34;4;19314000;1;1;1;"2016-05-01";sitioweb@uexternado.edu.co
2964;14;59;ESPECIALIZACION EN DISEÑO DE TEXTOS ESCOLARES;2920;12;4;0;3;1;1;"2016-05-01";sitioweb@uexternado.edu.co
2965;14;59;ESPECIALIZACION EN DESARROLLO HUMANO Y VALORES;2921;12;4;0;3;1;1;"2016-05-01";sitioweb@uexternado.edu.co
2966;14;59;ESPECIALIZACION EN GOBIERNO, GERENCIA Y ASUNTOS PUBLICOS;3006;33;4;17560000;2;1;1;"2016-05-01";sitioweb@uexternado.edu.co
2967;14;59;ESPECIALIZACION EN GERENCIA DE RECURSOS HUMANOS;3174;34;4;22255000;3;1;1;"2016-05-01";sitioweb@uexternado.edu.co
2968;14;59;ESPECIALIZACION EN GERENCIA DE MERCADEO;3175;34;4;22572000;1;1;1;"2016-05-01";sitioweb@uexternado.edu.co
2969;14;59;ESPECIALIZACION EN GERENCIA DE PEQUEÑA Y MEDIANA EMPRESA;3323;34;4;0;3;1;1;"2016-05-01";sitioweb@uexternado.edu.co
2970;14;59;ESPECIALIZACION EN GERENCIA DE EMPRESAS Y PROYECTOS INMOBILIARIOS;3324;34;4;0;3;1;1;"2016-05-01";sitioweb@uexternado.edu.co
2971;14;59;ESPECIALIZACION EN PLANEACION Y GESTION DEL ECOTURISMO;3448;34;4;0;1;1;1;"2016-05-01";sitioweb@uexternado.edu.co
2972;14;59;ESPECIALIZACION EN ECONOMIA INTERNACIONAL;3567;36;4;0;1;1;1;"2016-05-01";sitioweb@uexternado.edu.co
2973;14;59;ESPECIALIZACION EN SUPERVISION Y CONTROL;3811;32;4;0;2;1;1;"2016-05-01";sitioweb@uexternado.edu.co
2974;14;59;ESPECIALIZACION EN DERECHO FINANCIERO Y BURSATIL;3893;32;4;12310000;1;1;1;"2016-05-01";sitioweb@uexternado.edu.co
2975;14;59;ESPECIALIZACION EN RESOLUCION DE CONFLICTOS;3919;33;4;11216000;1;1;1;"2016-05-01";sitioweb@uexternado.edu.co
2976;14;59;ESPECIALIZACION EN CONTRATACION ESTATAL;3920;32;4;12310000;2;1;1;"2016-05-01";sitioweb@uexternado.edu.co
2977;14;59;ESPECIALIZACION EN DERECHO LABORAL ADMINISTRATIVO;3921;32;4;0;2;1;1;"2016-05-01";sitioweb@uexternado.edu.co
2978;14;59;ESPECIALIZACION EN SOCIOLOGIA JURIDICA;3923;24;4;0;1;1;1;"2016-05-01";sitioweb@uexternado.edu.co
2979;14;59;ESPECIALIZACION EN DERECHO CONTENCIOSO ADMINISTRATIVO;4189;32;4;12310000;1;1;1;"2016-05-01";sitioweb@uexternado.edu.co
2980;14;59;ESPECIALIZACION EN SEGUROS;4248;32;4;12310000;1;1;1;"2016-05-01";sitioweb@uexternado.edu.co
2981;14;59;ESPECIALIZACION EN DERECHO CONSTITUCIONAL COMPARADO;4270;32;4;0;1;1;1;"2016-05-01";sitioweb@uexternado.edu.co
2982;14;59;ESPECIALIZACION EN DERECHO CONSTITUCIONAL;4341;32;4;12310000;1;1;1;"2016-05-01";sitioweb@uexternado.edu.co
2983;14;59;ESPECIALIZACION EN PROPIEDAD INDUSTRIAL, DERECHOS DE AUTOR Y NUEVAS TECNOLOGIAS;4367;32;4;11216000;1;1;1;"2016-05-01";sitioweb@uexternado.edu.co
2984;14;59;ESPECIALIZACION EN GOBIERNO Y CONTROL DEL DISTRITO CAPITAL;4431;34;4;0;1;1;1;"2016-05-01";sitioweb@uexternado.edu.co
2985;14;59;ESPECIALIZACION EN JUSTICIA PARA LA FAMILIA Y MANEJO DEL CONFLICTO;4445;32;4;0;1;1;1;"2016-05-01";sitioweb@uexternado.edu.co
2986;14;59;ESPECIALIZACION EN DERECHO DEL TRABAJO;4446;32;4;0;1;1;1;"2016-05-01";sitioweb@uexternado.edu.co
2987;14;59;ESPECIALIZACION EN SEGURIDAD SOCIAL;4464;32;4;0;1;1;1;"2016-05-01";sitioweb@uexternado.edu.co
2988;14;59;ESPECIALIZACION EN GESTION Y AUTOEVALUACION CURRICULAR;4473;34;4;0;2;1;1;"2016-05-01";sitioweb@uexternado.edu.co
2989;14;59;ESPECIALIZACION EN PROCESOS DE FAMILIA;4499;32;4;0;1;1;1;"2016-05-01";sitioweb@uexternado.edu.co
2990;14;59;ESPECIALIZACION INTERNACIONAL EN DERECHO DEL TRANSPORTE;4500;32;4;12310000;1;1;1;"2016-05-01";sitioweb@uexternado.edu.co
2991;14;59;ESPECIALIZACION EN DERECHO DE LAS TELECOMUNICACIONES;4505;32;4;0;1;1;1;"2016-05-01";sitioweb@uexternado.edu.co
2992;14;59;DOCTORADO EN DERECHO;4558;32;6;0;5;1;1;"2016-05-01";sitioweb@uexternado.edu.co
2993;14;59;ESPECIALIZACION EN RESPONSABILIDAD Y DA¿O RESARCIBLE;4649;32;4;12310000;1;1;1;"2016-05-01";sitioweb@uexternado.edu.co
2994;14;59;ESPECIALIZACION EN MENORES;4650;32;4;0;1;1;1;"2016-05-01";sitioweb@uexternado.edu.co
2995;14;59;ESPECIALIZACION EN DERECHO CONTRACTUAL Y RELACIONES JURIDICO NEGOCIALES;4651;32;4;0;1;1;1;"2016-05-01";sitioweb@uexternado.edu.co
2996;14;59;ESPECIALIZACION EN GESTION FINANCIERA PUBLICA;4652;34;4;0;1;1;1;"2016-05-01";sitioweb@uexternado.edu.co
2997;14;59;ESPECIALIZACION EN DERECHO DE BIENES Y RELACIONES JURIDICO REALES;4653;32;4;0;1;1;1;"2016-05-01";sitioweb@uexternado.edu.co
2998;14;59;ESPECIALIZACION EN REVISORIA FISCAL Y AUDITORIA INTERNACIONAL;4747;35;4;13007000;2;1;1;"2016-05-01";sitioweb@uexternado.edu.co
2999;14;59;ESPECIALIZACION EN COMUNICACION PARA EL DESARROLLO;4900;30;4;0;4;1;1;"2016-05-01";sitioweb@uexternado.edu.co
3000;14;59;MAESTRIA EN DERECHO PUBLICO;4901;32;5;0;2;1;1;"2016-05-01";sitioweb@uexternado.edu.co
3001;14;59;ESPECIALIZACION EN DERECHO MARITIMO;4916;32;4;11692000;1;1;1;"2016-05-01";sitioweb@uexternado.edu.co
3002;14;59;ESPECIALIZACION EN DERECHO DEL MEDIO AMBIENTE;4917;32;4;12310000;1;1;1;"2016-05-01";sitioweb@uexternado.edu.co
3003;14;59;ESPECIALIZACION EN  POLITICAS Y ASUNTOS INTERNACIONALES;4918;33;4;0;12;1;1;"2016-05-01";sitioweb@uexternado.edu.co
3004;14;59;ESPECIALIZACION EN ALTA GERENCIA PETROLERA;4971;34;4;0;1;1;1;"2016-05-01";sitioweb@uexternado.edu.co
3006;14;452;ESPECIALIZACION EN DERECHO NOTARIAL Y REGISTRAL;5397;32;4;0;1;1;1;"2016-05-01";sitioweb@uexternado.edu.co
3007;14;456;ESPECIALIZACION EN DERECHO DEL TRABAJO;5744;32;4;0;1;1;1;"2016-05-01";sitioweb@uexternado.edu.co
3009;14;452;ESPECIALIZACION EN GERENCIA DE IMPUESTOS;6022;34;4;12895000;2;1;1;"2016-05-01";sitioweb@uexternado.edu.co
3010;14;451;ESPECIALIZACION EN DERECHO NOTARIAL Y REGISTRAL;6233;32;4;11692000;1;1;1;"2016-05-01";sitioweb@uexternado.edu.co
3011;14;461;ESPECIALIZACION EN CIENCIAS PENALES Y CRIMINOLOGICAS;6402;32;4;0;1;1;1;"2016-05-01";sitioweb@uexternado.edu.co
3012;14;452;ESPECIALIZACION EN CIENCIAS PENALES Y CRIMINOLOGICAS;6403;32;4;0;2;1;1;"2016-05-01";sitioweb@uexternado.edu.co
3013;14;461;ESPECIALIZACION EN DERECHO CONTENCIOSO ADMINISTRATIVO;6404;32;4;0;1;1;1;"2016-05-01";sitioweb@uexternado.edu.co
3014;14;456;ESPECIALIZACION EN DERECHO PUBLICO;6405;32;4;0;1;1;1;"2016-05-01";sitioweb@uexternado.edu.co
3019;14;460;MAESTRIA EN ADMINISTRACION Y SUPERVISION EDUCATIVA;6510;34;5;0;4;1;1;"2016-05-01";sitioweb@uexternado.edu.co
3021;14;59;ESPECIALIZACION EN DERECHO ADUANERO;6589;32;4;12310000;2;1;1;"2016-05-01";sitioweb@uexternado.edu.co
3022;14;59;ESPECIALIZACION EN DEMOGRAFIA HISTORICA E HISTORIA DE FAMILIA;6648;23;4;0;3;1;1;"2016-05-01";sitioweb@uexternado.edu.co
3023;14;452;ESPECIALIZACION EN TRABAJO SOCIAL LABORAL;6760;24;4;0;3;1;1;"2016-05-01";sitioweb@uexternado.edu.co
3024;14;452;ESPECIALIZACION EN GESTION DE ENTIDADES TERRITORIALES;6788;34;4;0;1;1;1;"2016-05-01";sitioweb@uexternado.edu.co
3025;14;451;ESPECIALIZACION EN DERECHO DE LAS TELECOMUNICACIONES;7053;32;4;0;1;1;1;"2016-05-01";sitioweb@uexternado.edu.co
3026;14;451;ESPECIALIZACION EN CONTRATACION ESTATAL;7054;32;4;12310000;1;1;1;"2016-05-01";sitioweb@uexternado.edu.co
3027;14;59;ESPECIALIZACION EN SOCIEDADES;7217;32;4;0;1;1;1;"2016-05-01";sitioweb@uexternado.edu.co
3028;14;59;ESPECIALIZACION INTERNACIONAL EN DERECHO DE LA EMPRESA;7218;32;4;0;1;1;1;"2016-05-01";sitioweb@uexternado.edu.co
3029;14;59;ESPECIALIZACION EN DERECHO MINERO ENERGETICO;7219;32;4;0;1;1;1;"2016-05-01";sitioweb@uexternado.edu.co
3030;14;452;ESPECIALIZACION EN DERECHO PUBLICO;7220;32;4;12310000;1;1;1;"2016-05-01";sitioweb@uexternado.edu.co
3031;14;452;ESPECIALIZACION EN DERECHO CONTENCIOSO ADMINISTRATIVO;7221;32;4;12310000;1;1;1;"2016-05-01";sitioweb@uexternado.edu.co
3032;14;59;ESPECIALIZACION EN GERENCIA;7222;34;4;21499000;3;1;1;"2016-05-01";sitioweb@uexternado.edu.co
3033;14;59;ESPECIALIZACION EN DERECHO CONSTITUCIONAL Y PARLAMENTARIO;7497;32;4;14498000;1;1;1;"2016-05-01";sitioweb@uexternado.edu.co
3034;14;59;ESPECIALIZACION EN DERECHO ADMINISTRATIVO;7695;32;4;12895000;1;1;1;"2016-05-01";sitioweb@uexternado.edu.co
3035;14;59;ESPECIALIZACION EN DERECHOS HUMANOS Y DERECHO INTERNACIONAL HUMANITARIO;7799;32;4;12310000;1;1;1;"2016-05-01";sitioweb@uexternado.edu.co
3036;14;451;ESPECIALIZACION EN SEGUROS;8089;32;4;0;1;1;1;"2016-05-01";sitioweb@uexternado.edu.co
3037;14;59;ESPECIALIZACION EN SERVICIOS PUBLICOS DOMICILIARIOS;8248;50;4;12310000;1;1;1;"2016-05-01";sitioweb@uexternado.edu.co
3038;14;59;ESPECIALIZACION EN CONTROL FISCAL;8310;35;4;0;2;1;1;"2016-05-01";sitioweb@uexternado.edu.co
3039;14;59;ESPECIALIZACION EN DERECHO URBANO;8311;32;4;0;1;1;1;"2016-05-01";sitioweb@uexternado.edu.co
3040;14;454;ESPECIALIZACION EN DERECHO DE LOS NEGOCIOS;8347;32;4;12310000;1;1;1;"2016-05-01";sitioweb@uexternado.edu.co
3041;14;59;ESPECIALIZACION EN DERECHOS FUNDAMENTALES;8349;32;4;0;1;1;1;"2016-05-01";sitioweb@uexternado.edu.co
3042;14;453;ESPECIALIZACION EN GERENCIA;8645;34;4;18370000;3;1;1;"2016-05-01";sitioweb@uexternado.edu.co
3044;14;452;ESPECIALIZACION EN DERECHO ECONOMICO;9059;32;4;0;2;1;1;"2016-05-01";sitioweb@uexternado.edu.co
3045;14;59;MAESTRIA EN GOBIERNO Y POLITICAS PUBLICAS;9285;34;5;13170000;4;1;1;"2016-05-01";sitioweb@uexternado.edu.co
3046;14;59;MAESTRIA EN ESTUDIOS DE POBLACION;9290;24;5;10144000;2;1;1;"2016-05-01";sitioweb@uexternado.edu.co
3047;14;59;ESPECIALIZACION EN DERECHO DE LA COMPETENCIA Y DEL CONSUMO;9293;32;4;0;2;1;1;"2016-05-01";sitioweb@uexternado.edu.co
3048;14;59;MAESTRIA EN ESTUDIOS DE FAMILIA;9296;24;5;12104000;4;1;1;"2016-05-01";sitioweb@uexternado.edu.co
3049;14;59;MAESTRIA  EN  ASUNTOS INTERNACIONALES;9304;33;5;13172000;4;1;1;"2016-05-01";sitioweb@uexternado.edu.co
3050;14;59;MAESTRIA EN REGIMEN JURIDICO DE LA EDUCACION EN COLOMBIA;9305;32;5;0;4;1;1;"2016-05-01";sitioweb@uexternado.edu.co
3051;14;449;ESPECIALIZACION EN DERECHO ADUANERO;9342;32;4;12310000;2;1;1;"2016-05-01";sitioweb@uexternado.edu.co
3052;14;59;ESPECIALIZACION EN DERECHO TRIBUTARIO;9368;32;4;0;15;1;1;"2016-05-01";sitioweb@uexternado.edu.co
3053;14;59;ESPECIALIZACION EN GESTION DEL DESARROLLO HUMANO Y BIENESTAR SOCIAL EMPRESARIAL;9515;34;4;10264000;2;1;1;"2016-05-01";sitioweb@uexternado.edu.co
3054;14;59;ESPECIALIZACION EN CONTABILIDAD PUBLICA;9938;35;4;0;1;1;1;"2016-05-01";sitioweb@uexternado.edu.co
3055;14;59;ESPECIALIZACION EN SISTEMAS DE GESTION AMBIENTAL;10100;50;4;0;3;1;1;"2016-05-01";sitioweb@uexternado.edu.co
3056;14;454;ESPECIALIZACION EN DERECHO DEL MEDIO AMBIENTE;10332;32;4;12310000;1;1;1;"2016-05-01";sitioweb@uexternado.edu.co
3057;14;59;ESPECIALIZACION EN GESTION Y AUTOEVALUACION CURRICULAR;10493;34;4;0;3;1;1;"2016-05-01";sitioweb@uexternado.edu.co
3058;14;59;ESPECIALIZACION EN DISEÑO DE TEXTOS ESCOLARES;10494;12;4;0;3;1;1;"2016-05-01";sitioweb@uexternado.edu.co
3059;14;59;ESPECIALIZACION EN DERECHOS DE LA INFANCIA Y DE LA ADOLESCENCIA;10690;32;4;11216000;1;1;1;"2016-05-01";sitioweb@uexternado.edu.co
3060;14;59;ESPECIALIZACION EN DERECHOS DE LA INFANCIA Y DE LA ADOLESCENCIA(PRESENCIAL);10691;32;4;0;1;1;1;"2016-05-01";sitioweb@uexternado.edu.co
3061;14;59;GOBIERNO Y RELACIONES INTERNACIONALES;10839;33;3;9621000;10;1;1;"2016-05-01";sitioweb@uexternado.edu.co
3062;14;59;ESPECIALIZACION EN SOCIOLOGIA DEL DERECHO;11133;24;4;0;1;1;1;"2016-05-01";sitioweb@uexternado.edu.co
3063;14;59;ESPECIALIZACION EN RESOLUCION DE CONFLICTOS;11163;33;4;0;1;1;1;"2016-05-01";sitioweb@uexternado.edu.co
3064;14;59;ESPECIALIZACION EN CIENCIA POLITICA Y PROBLEMATICA COLOMBIANA;11165;33;4;0;2;1;1;"2016-05-01";sitioweb@uexternado.edu.co
3065;14;59;ESPECIALIZACION EN CIENCIA POLITICA Y PROBLEMATICA COLOMBIANA;11168;33;4;0;2;1;1;"2016-05-01";sitioweb@uexternado.edu.co
3066;14;59;MAESTRIA EN RESPONSABILIDAD CONTRACTUAL Y EXTRACONTRACTUAL CIVIL Y DEL ESTADO;11190;32;5;0;4;1;1;"2016-05-01";sitioweb@uexternado.edu.co
3067;14;59;MAESTRIA EN DERECHO DE LOS RECURSOS NATURALES;11191;32;5;0;4;1;1;"2016-05-01";sitioweb@uexternado.edu.co
3068;14;59;MAESTRIA EN DERECHO ECONOMICO;11193;32;5;0;4;1;1;"2016-05-01";sitioweb@uexternado.edu.co
3069;14;59;ESPECIALIZACION EN DERECHO PROCESAL CIVIL;11205;32;4;11216000;1;1;1;"2016-05-01";sitioweb@uexternado.edu.co
3070;14;59;ESPECIALIZACION EN DERECHO MINERO ENERGETICO;11206;32;4;11692000;1;1;1;"2016-05-01";sitioweb@uexternado.edu.co
3071;14;59;ESPECIALIZACION INTERNACIONAL EN DERECHO DEL TRANSPORTE;11208;32;4;0;2;1;1;"2016-05-01";sitioweb@uexternado.edu.co
3072;14;59;ESPECIALIZACION EN DERECHO Y NUEVAS TECNOLOGIAS SOBRE LA VIDA;11209;32;4;0;2;1;1;"2016-05-01";sitioweb@uexternado.edu.co
3073;14;59;ESPECIALIZACION EN DERECHO Y NUEVAS TECNOLOGIAS SOBRE LA VIDA;11210;32;4;11216000;1;1;1;"2016-05-01";sitioweb@uexternado.edu.co
3074;14;59;ESPECIALIZACION EN DERECHO ADMINISTRATIVO;11240;32;4;0;1;1;1;"2016-05-01";sitioweb@uexternado.edu.co
3075;14;59;ESPECIALIZACION EN PENSAMIENTO ESTRATEGICO Y PROSPECTIVA;11265;34;4;18351000;3;1;1;"2016-05-01";sitioweb@uexternado.edu.co
3076;14;59;MAESTRIA EN TRIBUTACION;11300;35;5;0;4;1;1;"2016-05-01";sitioweb@uexternado.edu.co
3077;14;59;ESPECIALIZACION INTERNACIONAL EN DERECHO DE LA EMPRESA;11306;32;4;0;1;1;1;"2016-05-01";sitioweb@uexternado.edu.co
3078;14;59;ESPECIALIZACION EN DERECHO CONSTITUCIONAL Y PARLAMENTARIO;11307;32;4;0;1;1;1;"2016-05-01";sitioweb@uexternado.edu.co
3079;14;59;ESPECIALIZACION EN DERECHO TRIBUTARIO;11309;32;4;12310000;1;1;1;"2016-05-01";sitioweb@uexternado.edu.co
3080;14;59;ESPECIALIZACION EN DERECHO DE LOS NEGOCIOS;11310;32;4;12310000;1;1;1;"2016-05-01";sitioweb@uexternado.edu.co
3081;14;59;ESPECIALIZACION EN DERECHO CONTRACTUAL Y RELACIONES JURIDICO NEGOCIALES;11311;32;4;12310000;1;1;1;"2016-05-01";sitioweb@uexternado.edu.co
3082;14;59;ESPECIALIZACION EN DERECHO NOTARIAL Y REGISTRAL;11313;32;4;0;1;1;1;"2016-05-01";sitioweb@uexternado.edu.co
3084;14;59;ESPECIALIZACION EN GERENCIA ESTRATEGICA PARA HOTELES;11429;34;4;13300000;2;1;1;"2016-05-01";sitioweb@uexternado.edu.co
3085;14;59;DOCTORADO EN DERECHO;11706;32;6;21857000;3;1;1;"2016-05-01";sitioweb@uexternado.edu.co
3086;14;59;SOCIOLOGIA;11737;24;3;5292000;10;1;1;"2016-05-01";sitioweb@uexternado.edu.co
3087;14;59;ESPECIALIZACION EN PATRIMONIO CULTURAL Y TURISMO: GESTION Y DESARROLLO;11868;34;4;0;2;1;1;"2016-05-01";sitioweb@uexternado.edu.co
3088;14;59;ESPECIALIZACION EN GOBIERNO Y CONTROL DEL DISTRITO CAPITAL;11872;34;4;0;1;1;1;"2016-05-01";sitioweb@uexternado.edu.co
3089;14;59;ESPECIALIZACION EN GERENCIA DE IMPUESTOS;11957;34;4;0;2;1;1;"2016-05-01";sitioweb@uexternado.edu.co
3090;14;59;MAESTR¿A EN EDUCACI¿N;12033;12;5;8400000;4;1;1;"2016-05-01";sitioweb@uexternado.edu.co
3091;14;59;ESPECIALIZACION EN ARBITRAMENTO;12040;32;4;0;2;1;1;"2016-05-01";sitioweb@uexternado.edu.co
3092;14;59;ESPECIALIZACION EN ARBITRAMENTO;12042;32;4;0;2;1;1;"2016-05-01";sitioweb@uexternado.edu.co
3093;14;59;ESPECIALIZACION EN SEGURIDAD SOCIAL;12043;32;4;11692000;1;1;1;"2016-05-01";sitioweb@uexternado.edu.co
3094;14;59;ANTROPOLOGIA;12044;22;3;5292000;10;1;1;"2016-05-01";sitioweb@uexternado.edu.co
3095;14;59;ESPECIALIZACION EN DERECHO PUBLICO;12045;32;4;12310000;2;1;1;"2016-05-01";sitioweb@uexternado.edu.co
3096;14;59;PSICOLOGIA ;12046;26;3;5292000;10;1;1;"2016-05-01";sitioweb@uexternado.edu.co
3097;14;59;FILOSOFIA;12047;25;3;4323000;10;1;1;"2016-05-01";sitioweb@uexternado.edu.co
3098;14;59;HISTORIA;12048;23;3;4467000;10;1;1;"2016-05-01";sitioweb@uexternado.edu.co
3099;14;452;ESPECIALIZACION EN DERECHO COMERCIAL;12935;32;4;0;4;1;1;"2016-05-01";sitioweb@uexternado.edu.co
3100;14;461;ESPECIALIZACION EN DERECHO PROCESAL CIVIL;12938;32;4;0;1;1;1;"2016-05-01";sitioweb@uexternado.edu.co
3101;14;59;ESPECIALIZACION EN FUNCION PUBLICA;12947;23;4;0;1;1;1;"2016-05-01";sitioweb@uexternado.edu.co
3102;14;454;ESPECIALIZACION EN DERECHO NOTARIAL Y REGISTRAL;12965;32;4;0;1;1;1;"2016-05-01";sitioweb@uexternado.edu.co
3103;14;454;ESPECIALIZACION EN DERECHO DE LAS TELECOMUNICACIONES;13073;32;4;0;1;1;1;"2016-05-01";sitioweb@uexternado.edu.co
3104;14;59;ESPECIALIZACION EN ALTA GERENCIA PETROLERA;13915;34;4;0;1;1;1;"2016-05-01";sitioweb@uexternado.edu.co
3105;14;59;ESPECIALIZACION EN CIENCIAS PENALES Y CRIMINOLOGICAS;13936;32;4;0;1;1;1;"2016-05-01";sitioweb@uexternado.edu.co
3106;14;59;ESPECIALIZACION EN DERECHO COMERCIAL;13995;32;4;0;1;1;1;"2016-05-01";sitioweb@uexternado.edu.co
3107;14;59;ESPECIALIZACION EN DERECHO AGRARIO;13997;32;4;0;1;1;1;"2016-05-01";sitioweb@uexternado.edu.co
3108;14;59;ESPECIALIZACION EN DERECHO LABORAL Y RELACIONES INDUSTRIALES;13998;32;4;0;1;1;1;"2016-05-01";sitioweb@uexternado.edu.co
3109;14;59;ESPECIALIZACION EN DERECHO DE FAMILIA;14966;32;4;0;1;1;1;"2016-05-01";sitioweb@uexternado.edu.co
3110;14;457;ESPECIALIZACION INTERNACIONAL EN DERECHO DEL TRANSPORTE;14967;32;4;0;1;1;1;"2016-05-01";sitioweb@uexternado.edu.co
3111;14;452;ESPECIALIZACION EN DERECHO MARITIMO Y PORTUARIO;14968;32;4;11692000;1;1;1;"2016-05-01";sitioweb@uexternado.edu.co
3112;14;450;ESPECIALIZACION EN DERECHO ADUANERO;14983;32;4;0;3;1;1;"2016-05-01";sitioweb@uexternado.edu.co
3113;14;59;ESPECIALIZACION EN PLANIFICACION Y GESTION DEL ECOTURISMO;15626;34;4;0;2;1;1;"2016-05-01";sitioweb@uexternado.edu.co
3114;14;454;ESPECIALIZACION EN DERECHO MINERO ENERGETICO;15818;32;4;0;1;1;1;"2016-05-01";sitioweb@uexternado.edu.co
3115;14;59;ESPECIALIZACION EN GERENCIA Y ADMINISTRACION TRIBUTARIA;15860;34;4;13424000;2;1;1;"2016-05-01";sitioweb@uexternado.edu.co
3116;14;449;ESPECIALIZACION EN CONTRATACION ESTATAL;15866;32;4;12310000;1;1;1;"2016-05-01";sitioweb@uexternado.edu.co
3117;14;59;ESPECIALIZACION EN ADMINISTRACION DE RIESGOS INFORMATICOS;15900;46;4;12235000;1;1;1;"2016-05-01";sitioweb@uexternado.edu.co
3118;14;59;ESPECIALIZACION EN CONTROL GERENCIAL CORPORATIVO;15901;34;4;13248000;2;1;1;"2016-05-01";sitioweb@uexternado.edu.co
3119;14;452;ESPECIALIZACION EN SEGURIDAD SOCIAL;16028;32;4;0;1;1;1;"2016-05-01";sitioweb@uexternado.edu.co
3120;14;59;MAESTRIA EN ECONOMIA;16030;36;5;14061000;4;1;1;"2016-05-01";sitioweb@uexternado.edu.co
3121;14;59;ESPECIALIZACION EN REGULACION Y GESTION DE LAS TELECOMUNICACIONES Y NUEVAS TECNOLOGIAS;16180;34;4;12310000;1;1;1;"2016-05-01";sitioweb@uexternado.edu.co
3122;14;59;MAESTRIA EN DERECHO;16983;32;5;0;2;1;1;"2016-05-01";sitioweb@uexternado.edu.co
3123;14;59;ESPECIALIZACION EN GERENCIA ESTRATEGICA DE ALIMENTOS Y BEBIDAS EN HOTELES Y ESTABLECIMIENTOS GASTRON;17462;34;4;12930000;2;1;1;"2016-05-01";sitioweb@uexternado.edu.co
3124;14;449;ESPECIALIZACION EN DERECHO LABORAL Y RELACIONES INDUSTRIALES;17832;32;4;12310000;1;1;1;"2016-05-01";sitioweb@uexternado.edu.co
3126;14;59;ESPECIALIZACION EN DERECHO DISCIPLINARIO;17836;32;4;12310000;1;1;1;"2016-05-01";sitioweb@uexternado.edu.co
3127;14;450;ESPECIALIZACION EN CONTRATACION ESTATAL;17839;32;4;12310000;1;1;1;"2016-05-01";sitioweb@uexternado.edu.co
3128;14;454;ESPECIALIZACION EN DERECHO ADMINISTRATIVO;17841;32;4;12895000;1;1;1;"2016-05-01";sitioweb@uexternado.edu.co
3129;14;59;ESPECIALIZACION EN DERECHO DE AGUAS;17844;32;4;12310000;1;1;1;"2016-05-01";sitioweb@uexternado.edu.co
3130;14;59;ESPECIALIZACION EN PROPIEDAD INTELECTUAL Y LOS SISTEMAS INFORMATICOS EN LA ERA DE LOS COMPUTADORES;19187;32;4;0;1;1;1;"2016-05-01";sitioweb@uexternado.edu.co
3131;14;59;ESPECIALIZACION EN DERECHO FINANCIERO;19189;32;4;0;1;1;1;"2016-05-01";sitioweb@uexternado.edu.co
3132;14;449;ESPECIALIZACION EN SERVICIOS PUBLICOS DOMICILIARIOS;19190;50;4;0;2;1;1;"2016-05-01";sitioweb@uexternado.edu.co
3133;14;59;GEOGRAFIA;19380;23;3;5292000;10;1;1;"2016-05-01";sitioweb@uexternado.edu.co
3134;14;59;DOCTORADO EN SOCIOLOGIA JURIDICA E INSTITUCIONES POLITICAS;20544;32;6;0;4;1;1;"2016-05-01";sitioweb@uexternado.edu.co
3135;14;59;ESPECIALIZACION EN RESPONSABILIDAD SOCIAL EMPRESARIAL;20818;36;4;17560000;2;1;1;"2016-05-01";sitioweb@uexternado.edu.co
3136;14;59;ESPECIALIZACION EN NEGOCIOS Y COMERCIO ELECTRONICO;20877;34;4;0;1;1;1;"2016-05-01";sitioweb@uexternado.edu.co
3137;14;451;ESPECIALIZACION EN DERECHO MARITIMO Y PORTUARIO;21530;32;4;11692000;1;1;1;"2016-05-01";sitioweb@uexternado.edu.co
3138;14;451;ESPECIALIZACION EN DERECHO DE LOS NEGOCIOS;21531;32;4;0;1;1;1;"2016-05-01";sitioweb@uexternado.edu.co
3139;14;449;ESPECIALIZACION EN DERECHO ADMINISTRATIVO;21532;32;4;12895000;1;1;1;"2016-05-01";sitioweb@uexternado.edu.co
3140;14;450;ESPECIALIZACION EN DERECHO ADMINISTRATIVO;21533;32;4;12895000;1;1;1;"2016-05-01";sitioweb@uexternado.edu.co
3141;14;59;ESPECIALIZACION EN CONTRATACION INTERNACIONAL;21534;32;4;12895000;2;1;1;"2016-05-01";sitioweb@uexternado.edu.co
3142;14;452;ESPECIALIZACION EN DERECHO ADUANERO;21535;32;4;12310000;1;1;1;"2016-05-01";sitioweb@uexternado.edu.co
3143;14;59;ESPECIALIZACIÓN EN METODOS DE ANÁLISIS DEMOGRÁFICO;21543;57;4;12680000;2;1;1;"2016-05-01";sitioweb@uexternado.edu.co
3144;14;457;ESPECIALIZACION EN REGULACION Y GESTION DE LAS TELECOMUNICACIONES Y NUEVAS TECNOLOGIAS;21544;34;4;0;2;1;1;"2016-05-01";sitioweb@uexternado.edu.co
3146;14;59;ESPECIALIZACION EN GERENCIA CON ENFASIS EN LOGÍSTICA Y COMERCIO INTERNACIONAL;51567;34;4;21332000;2;1;1;"2016-05-01";sitioweb@uexternado.edu.co
3147;14;449;ESPECIALIZACI¿N EN DERECHO DEL MEDIO AMBIENTE;51597;32;4;12310000;1;1;1;"2016-05-01";sitioweb@uexternado.edu.co
3148;14;451;ESPECIALIZACION EN SEGURIDAD SOCIAL;51598;32;4;0;2;1;1;"2016-05-01";sitioweb@uexternado.edu.co
3149;14;454;ESPECIALIZACIÓN EN CONTRATACIÓN ESTATAL;51602;32;4;12310000;1;1;1;"2016-05-01";sitioweb@uexternado.edu.co
3150;14;59;DOCTORADO EN ESTUDIOS POLITICOS;51721;32;6;20692000;5;1;1;"2016-05-01";sitioweb@uexternado.edu.co
3151;14;59;ESPECIALIZACION EN ORGANIZACION INTEGRAL DE EVENTOS;51801;34;4;13980000;1;1;1;"2016-05-01";sitioweb@uexternado.edu.co
3152;14;454;ESPECIALIZACION EN DERECHOS FUNDAMENTALES;51802;32;4;0;1;1;1;"2016-05-01";sitioweb@uexternado.edu.co
3153;14;450;ESPECIALIZACION EN DERECHO DEL MEDIO AMBIENTE;51803;32;4;12310000;1;1;1;"2016-05-01";sitioweb@uexternado.edu.co
3154;14;59;ESPECIALIZACION EN DERECHO ELECTORAL Y PARTIDOS POLITICOS;51804;32;4;0;1;1;1;"2016-05-01";sitioweb@uexternado.edu.co
3155;14;450;ESPECIALIZACION EN RESPONSABILIDAD Y DA¿O RESARCIBLE;51805;32;4;12310000;1;1;1;"2016-05-01";sitioweb@uexternado.edu.co
3156;14;454;ESPECIALIZACION EN SERVICIOS PUBLICOS DOMICILIARIOS;51845;32;4;0;1;1;1;"2016-05-01";sitioweb@uexternado.edu.co
3157;14;59;MAESTRIA EN DERECHO COMERCIAL;51846;32;5;14600000;2;1;1;"2016-05-01";sitioweb@uexternado.edu.co
3158;14;449;ESPECIALIZACION EN SEGURIDAD SOCIAL;51847;32;4;0;1;1;1;"2016-05-01";sitioweb@uexternado.edu.co
3160;14;59;ESPECIALIZACION EN DERECHO TRIBUTARIO INTERNACIONAL;51849;32;4;12895000;1;1;1;"2016-05-01";sitioweb@uexternado.edu.co
3161;14;59;ESPECIALIZACION EN DERECHO PROCESAL PENAL;51850;32;4;12310000;1;1;1;"2016-05-01";sitioweb@uexternado.edu.co
3162;14;450;ESPECIALIZACION EN DERECHO PROCESAL PENAL;51851;32;4;12310000;1;1;1;"2016-05-01";sitioweb@uexternado.edu.co
3163;14;454;ESPECIALIZACION EN DERECHO DISCIPLINARIO;51853;32;4;12310000;1;1;1;"2016-05-01";sitioweb@uexternado.edu.co
3164;14;449;ESPECIALIZACION EN DERECHO DISCIPLINARIO;51854;32;4;12310000;1;1;1;"2016-05-01";sitioweb@uexternado.edu.co
3165;14;456;ESPECIALIZACION EN CIENCIAS PENALES Y CRIMINOLOGICAS;51857;32;4;12895000;1;1;1;"2016-05-01";sitioweb@uexternado.edu.co
3166;14;450;ESPECIALIZACION EN DERECHO PUBLICO;51858;32;4;12310000;1;1;1;"2016-05-01";sitioweb@uexternado.edu.co
3167;14;456;ESPECIALIZACION EN DERECHO LABORAL Y RELACIONES INDUSTRIALES;51859;32;4;12310000;1;1;1;"2016-05-01";sitioweb@uexternado.edu.co
3168;14;449;ESPECIALIZACION EN DERECHO PUBLICO;51860;32;4;12310000;1;1;1;"2016-05-01";sitioweb@uexternado.edu.co
3169;14;59;ESPECIALIZACION EN GESTION DEL DESARROLLO Y CAMBIO ORGANIZACIONAL;51861;34;4;19314000;1;1;1;"2016-05-01";sitioweb@uexternado.edu.co
3170;14;451;ESPECIALIZACION EN DERECHO PUBLICO;51862;32;4;12310000;1;1;1;"2016-05-01";sitioweb@uexternado.edu.co
3171;14;59;ESPECIALIZACION EN DESARROLLO Y MARKETING TERRITORIAL;51873;34;4;12418000;1;1;1;"2016-05-01";sitioweb@uexternado.edu.co
3172;14;59;ESPECIALIZACIÓN EN GERENCIA Y TECNOLOGIAS DE INFORMACIÓN;52030;34;4;20836000;3;1;1;"2016-05-01";sitioweb@uexternado.edu.co
3173;14;59;MUSEOLOGIA;52107;22;3;6650000;10;1;1;"2016-05-01";sitioweb@uexternado.edu.co
3174;14;59;ESPECIALIZACIÓN EN AUDITORÍA FORENSE;52169;35;4;13247000;1;1;1;"2016-05-01";sitioweb@uexternado.edu.co
3175;14;454;ESPECIALIZACION EN CONTROL FISCAL;52219;32;4;0;1;1;1;"2016-05-01";sitioweb@uexternado.edu.co
3176;14;453;ESPECIALIZACION EN CONTROL FISCAL;52220;32;4;0;1;1;1;"2016-05-01";sitioweb@uexternado.edu.co
3179;14;449;ESPECIALIZACIÓN EN DERECHO TRIBUTARIO;52258;32;4;12310000;1;1;1;"2016-05-01";sitioweb@uexternado.edu.co
3180;14;454;ESPECIALIZACIÓN EN DERECHO TRIBUTARIO;52259;32;4;12310000;1;1;1;"2016-05-01";sitioweb@uexternado.edu.co
3181;14;59;MAESTRIA EN FINANZAS;52261;58;5;20847000;4;1;1;"2016-05-01";sitioweb@uexternado.edu.co
3182;14;451;ESPECIALIZACION EN DERECHO DISCIPLINARIO;52364;32;4;12310000;1;1;1;"2016-05-01";sitioweb@uexternado.edu.co
3183;14;454;ESPECIALIZACION EN DERECHO ECONOMICO;52385;32;4;0;1;1;1;"2016-05-01";sitioweb@uexternado.edu.co
3184;14;452;ESPECIALIZACION EN CIENCIAS PENALES Y CRIMINOLOGICAS;52417;32;4;12895000;1;1;1;"2016-05-01";sitioweb@uexternado.edu.co
3185;14;451;ESPECIALIZACION EN DERCHO PUBLICO;52418;32;4;0;2;1;1;"2016-05-01";sitioweb@uexternado.edu.co
3186;14;59;ESPECIALIZACIÓN EN INNOVACIÓN Y DESARROLLO DE NEGOCIOS;52479;34;4;19771000;16;1;1;"2016-05-01";sitioweb@uexternado.edu.co
3187;14;454;ESPECIALIZACION EN DERECHO DE LA COMPETENCIA Y DEL CONSUMO;52480;32;4;0;1;1;1;"2016-05-01";sitioweb@uexternado.edu.co
3188;14;449;ESPECIALIZACION EN DERECHO DE LOS NEGOCIOS;52481;32;4;0;1;1;1;"2016-05-01";sitioweb@uexternado.edu.co
3189;14;450;ESPECIALIZACI¿N EN DERECHO DISCIPLINARIO;52482;32;4;12310000;1;1;1;"2016-05-01";sitioweb@uexternado.edu.co
3190;14;59;ESPECIALIZACIÓN EN DERECHO MEDICO;52523;32;4;11541000;1;1;1;"2016-05-01";sitioweb@uexternado.edu.co
3191;14;59;MAESTRÍA EN DERECHOS HUMANOS Y DEMOCRATIZACIÓN;52567;32;5;14600000;2;1;1;"2016-05-01";sitioweb@uexternado.edu.co
3192;14;59;ARQUEOLOGIA;52602;29;3;5292000;10;1;1;"2016-05-01";sitioweb@uexternado.edu.co
3193;14;454;ESPECIALIZACION EN DERECHO URBANO;52625;32;4;0;1;1;1;"2016-05-01";sitioweb@uexternado.edu.co
3194;14;453;ESPECIALIZACION EN DERECHO URBANO;52626;32;4;0;1;1;1;"2016-05-01";sitioweb@uexternado.edu.co
3195;14;452;ESPECIALIZACION EN DERECHO URBANO;52627;32;4;0;1;1;1;"2016-05-01";sitioweb@uexternado.edu.co
3196;14;59;ESPECIALIZACIÓN EN DERECHO INFORMÁTICO Y DE LAS NUEVAS TECNOLOGÍAS;52628;32;4;13805000;1;1;1;"2016-05-01";sitioweb@uexternado.edu.co
3197;14;59;ESPECIALIZACION EN PENSAMIENTO SISTEMICO RECURSIVO;52636;34;4;0;3;1;1;"2016-05-01";sitioweb@uexternado.edu.co
3198;14;59;ESPECIALIZACION EN DOCUMENTACION DIGITAL, GESTION DEL CONOCIMIENTO Y DE LA INFORMACION;52992;29;4;0;1;1;1;"2016-05-01";sitioweb@uexternado.edu.co
3199;14;59;ESPECIALIZACIÓN EN DERECHO MINERO Y PETROLERO;53021;32;4;11216000;1;1;1;"2016-05-01";sitioweb@uexternado.edu.co
3200;14;59;ESPECIALIZACIÓN EN REGULACION DE ENERGIA ELECTRICA Y GAS;53214;32;4;12310000;1;1;1;"2016-05-01";sitioweb@uexternado.edu.co
3201;14;459;ESPECIALIZACIÓN EN DERECHO PROCESAL PENAL;53215;32;4;12310000;1;1;1;"2016-05-01";sitioweb@uexternado.edu.co
3202;14;459;ESPECIALIZACIÓN EN CONTRATACION ESTATAL;53216;32;4;12310000;1;1;1;"2016-05-01";sitioweb@uexternado.edu.co
3203;14;451;ESPECIALIZACION EN FUNCION PUBLICA;53217;32;4;0;1;1;1;"2016-05-01";sitioweb@uexternado.edu.co
3204;14;457;ESPECIALIZACIÓN EN RESPONSABILIDAD Y DAÑO RESARCIBLE;53218;32;4;12310000;1;1;1;"2016-05-01";sitioweb@uexternado.edu.co
3205;14;449;ESPECIALIZACI¿N EN DERECHO PROCESAL CIVIL;53219;32;4;11216000;1;1;1;"2016-05-01";sitioweb@uexternado.edu.co
3206;14;450;ESPECIALIZACI¿N EN DERECHO LABORAL Y RELACIONES INDUSTRIALES;53220;32;4;12310000;1;1;1;"2016-05-01";sitioweb@uexternado.edu.co
3207;14;454;ESPECIALIZACIÓN EN DERECHO PROCESAL CIVIL;53221;32;4;11216000;1;1;1;"2016-05-01";sitioweb@uexternado.edu.co
3208;14;454;ESPECIALIZACION EN DERECHO LABORAL Y RELACIONES INDUSTRIALES;53222;32;4;12310000;1;1;1;"2016-05-01";sitioweb@uexternado.edu.co
3210;14;457;ESPECIALIZACION EN REGULACION DE ENERGIA ELECTRICA Y GAS;53321;32;4;0;1;1;1;"2016-05-01";sitioweb@uexternado.edu.co
3211;14;454;ESPECIALIZACIÓN EN DERECHO TRIBUTARIO INTERNACIONAL;53325;32;4;12895000;1;1;1;"2016-05-01";sitioweb@uexternado.edu.co
3212;14;459;ESPECIALIZACION EN DERECHO CONSTITUCIONAL;53348;32;4;0;1;1;1;"2016-05-01";sitioweb@uexternado.edu.co
3213;14;456;ESPECIALIZACION EN DERECHO URBANO;53351;32;4;0;1;1;1;"2016-05-01";sitioweb@uexternado.edu.co
3214;14;449;ESPECIALIZACI¿N EN DERECHOS HUMANOS Y DERECHO INTERNACIONAL HUMANITARIO;53357;32;4;12310000;1;1;1;"2016-05-01";sitioweb@uexternado.edu.co
3215;14;456;ESPECIALIZACIÓN EN DERECHO CONTENCIOSO ADMINISTRATIVO;53358;32;4;12310000;1;1;1;"2016-05-01";sitioweb@uexternado.edu.co
3216;14;457;ESPECIALIZACION EN DERECHO URBANO;53359;32;4;0;1;1;1;"2016-05-01";sitioweb@uexternado.edu.co
3217;14;59;ESPECIALIZACION EN GARANTIAS PROCESALES Y PRUEBAS JUDICIALES;53363;32;4;0;1;1;1;"2016-05-01";sitioweb@uexternado.edu.co
3218;14;459;ESPECIALIZACIÓN EN DERECHO PROCESAL CIVIL;53368;32;4;11216000;1;1;1;"2016-05-01";sitioweb@uexternado.edu.co
3219;14;459;ESPECIALIZACIÓN EN DERECHO ADMINISTRATIVO;53369;32;4;12895000;1;1;1;"2016-05-01";sitioweb@uexternado.edu.co
3220;14;452;ESPECIALIZACIÓN EN DERECHO PROCESAL PENAL;54164;32;4;12310000;1;1;1;"2016-05-01";sitioweb@uexternado.edu.co
3221;14;456;ESPECIALIZACIÓN EN DERECHO PROCESAL PENAL;54202;32;4;12310000;1;1;1;"2016-05-01";sitioweb@uexternado.edu.co
3222;14;458;ESPECIALIZACIÓN EN DERECHO PROCESAL CIVIL;54653;32;4;0;1;1;1;"2016-05-01";sitioweb@uexternado.edu.co
3223;14;455;ESPECIALIZACIÓN EN PENSAMIENTO ESTRATÉGICO Y PROSPECTIVA TERRITORIAL;54785;34;4;0;3;1;1;"2016-05-01";sitioweb@uexternado.edu.co
3224;14;59;ESPECIALIZACIÓN EN ESTUDIOS DEL TERRITORIO;54813;23;4;14391000;3;1;1;"2016-05-01";sitioweb@uexternado.edu.co
3225;14;59;ESPECIALIZACIÓN EN GEOGRAFÍA POLÍTICA Y GEOPOLÍTICA DEL MUNDO ACTUAL;54903;33;4;0;3;1;1;"2016-05-01";sitioweb@uexternado.edu.co
3226;14;59;ESPECIALIZACIÓN EN DERECHO ECONÓMICO INTERNACIONAL;55049;32;4;12895000;1;1;1;"2016-05-01";sitioweb@uexternado.edu.co
3227;14;59;DOCTORADO EN ESTUDIOS SOCIALES;55109;24;6;16218000;6;1;1;"2016-05-01";sitioweb@uexternado.edu.co
3228;14;59;MAESTRÍA EN PENSAMIENTO ESTRATÉGICO Y PROSPECTIVA;55110;34;5;15500000;4;1;1;"2016-05-01";sitioweb@uexternado.edu.co
3229;14;59;ESPECIALIZACIÓN EN GERENCIA AMBIENTAL EN ENTORNOS GLOBALES;55164;34;4;17974000;3;1;1;"2016-05-01";sitioweb@uexternado.edu.co
3230;14;59;MAESTRIA EN GESTION HUMANA Y DESARROLLO ORGANIZACIONAL;90337;34;5;16869000;4;1;1;"2016-05-01";sitioweb@uexternado.edu.co
3231;14;456;ESPECIALIZACIÓN EN REGULACIÓN DE LOS SERVICIOS PÚBLICOS;90392;32;4;0;1;1;1;"2016-05-01";sitioweb@uexternado.edu.co
3232;14;59;MAESTRÍA EN GESTIÓN Y EVALUACIÓN DE PROYECTOS DE INVERSIÓN;90574;34;5;20309000;4;1;1;"2016-05-01";sitioweb@uexternado.edu.co
3233;14;59;MAESTRÍA EN GESTIÓN SOCIAL EMPRESARIAL;90616;24;5;12678000;4;1;1;"2016-05-01";sitioweb@uexternado.edu.co
3234;14;455;ESPECIALIZACION EN DERECHO DEL MEDIO AMBIENTE;90651;32;4;12310000;2;1;1;"2016-05-01";sitioweb@uexternado.edu.co
3235;14;59;ESPECIALIZACION EN DERECHO ADMINISTRATIVO LABORAL;90800;34;4;11216000;1;1;1;"2016-05-01";sitioweb@uexternado.edu.co
3236;14;451;ESPECIALIZACIÓN EN DERECHO ADMINISTRATIVO LABORAL;90801;32;4;11216000;1;1;1;"2016-05-01";sitioweb@uexternado.edu.co
3237;14;457;ESPECIALIZACION EN GERENCIA Y ADMINISTRACION TRIBUTARIA;90828;35;4;12294000;1;1;1;"2016-05-01";sitioweb@uexternado.edu.co
3238;14;453;ESPECIALIZACIÓN EN DERECHO PROCESAL PENAL;90976;32;4;12310000;2;1;1;"2016-05-01";sitioweb@uexternado.edu.co
3239;14;59;MAESTRIA EN MERCADEO;91272;34;5;17878000;4;1;1;"2016-05-01";sitioweb@uexternado.edu.co
3240;14;59;ADMINISTRACIÓN DE SISTEMAS DE INFORMACIÓN;91292;34;3;7699000;8;1;1;"2016-05-01";sitioweb@uexternado.edu.co
3241;14;450;ESPECIALIZACI¿N EN DERECHO COMERCIAL;91353;32;4;12310000;1;1;1;"2016-05-01";sitioweb@uexternado.edu.co
3242;14;454;ESPECIALIZACIÓN EN DERECHOS HUMANOS Y DERECHO INTERNACIONAL HUMANITARIO;101367;32;4;12310000;1;1;1;"2016-05-01";sitioweb@uexternado.edu.co
3243;14;454;ESPECIALIZACION EN REGULACIÓN DE ENERGÍA ELÉCTRICA Y GAS;101368;32;4;12310000;1;1;1;"2016-05-01";sitioweb@uexternado.edu.co
3244;14;454;ESPECIALIZACIÓN  EN CONTRATACIÓN INTERNACIONAL;101369;32;4;12895000;1;1;1;"2016-05-01";sitioweb@uexternado.edu.co
3245;14;59;MAESTRÍA EN PLANIFICACIÓN Y GESTIÓN DEL TURISMO;101370;58;5;11170000;4;1;1;"2016-05-01";sitioweb@uexternado.edu.co
3246;14;456;ESPECIALIZACIÓN EN CONTRATACIÓN ESTATAL;101371;32;4;12310000;1;1;1;"2016-05-01";sitioweb@uexternado.edu.co
3247;14;460;ESPECIALIZACIÓN  EN GESTION DE ENTIDADES TERRITORIALES;101372;32;4;0;1;1;1;"2016-05-01";sitioweb@uexternado.edu.co
3248;14;59;MAESTRIA EN GERENCIA DE LA INNOVACION EMPRESARIAL;101398;34;5;16917000;4;1;1;"2016-05-01";sitioweb@uexternado.edu.co
3249;14;458;ESPECIALIZACIÓN EN DERECHO PÚBLICO;101436;32;4;12310000;1;1;1;"2016-05-01";sitioweb@uexternado.edu.co
3250;14;454;ESPECIALIZACIÓN  EN DERECHO FINANCIERO Y BURSÁTIL;101446;32;4;12310000;1;1;1;"2016-05-01";sitioweb@uexternado.edu.co
3251;14;59;ESPECIALIZACIÓN EN DERECHO INTERNACIONAL PÚBLICO;101447;32;4;12895000;1;1;1;"2016-05-01";sitioweb@uexternado.edu.co
3252;14;456;ESPECIALIZACIÓN EN DERECHO CONSTITUCIONAL;101448;32;4;12310000;1;1;1;"2016-05-01";sitioweb@uexternado.edu.co
3253;14;451;ESPECIALIZACIÓN EN DERECHO PROCESAL CIVIL;101547;32;4;11216000;1;1;1;"2016-05-01";sitioweb@uexternado.edu.co
3254;14;452;ESPECIALIZACIÓN EN RESOLUCIÓN DE CONFLICTOS;101615;32;4;11216000;1;1;1;"2016-05-01";sitioweb@uexternado.edu.co
3255;14;449;ESPECIALIZACI¿N EN DERECHO MAR¿TIMOY PORTUARIO;101616;32;4;11692000;1;1;1;"2016-05-01";sitioweb@uexternado.edu.co
3256;14;453;ESPECIALIZACIÓN EN DERECHO CONSTITUCIONAL;102112;32;4;12310000;1;1;1;"2016-05-01";sitioweb@uexternado.edu.co
3257;14;460;ESPECIALIZACIÓN EN DERECHO CONSTITUCIONAL;102117;32;4;12310000;1;1;1;"2016-05-01";sitioweb@uexternado.edu.co
3258;14;460;ESPECIALIZACIÓN EN DERECHO PÚBLICO;102251;32;4;12310000;1;1;1;"2016-05-01";sitioweb@uexternado.edu.co
3259;14;59;MAESTRIA EN GERENCIA PARA EL DESARROLLO;102265;33;5;12878000;4;1;1;"2016-05-01";sitioweb@uexternado.edu.co
3260;14;59;MAESTRIA EN COMUNICACIÓN POLÍTICA;102401;30;5;17104000;4;1;1;"2016-05-01";sitioweb@uexternado.edu.co
3261;14;59;MAESTRÍA EN DERECHO MÉDICO;102405;32;5;14600000;2;1;1;"2016-05-01";sitioweb@uexternado.edu.co
3262;14;59;MAESTRÍA EN EVALUACIÓN Y ASEGURAMIENTO DE LA 451DAD DE LA EDUCACIÓN;102418;58;5;8800000;4;1;1;"2016-05-01";sitioweb@uexternado.edu.co
3263;14;459;ESPECIALIZACIÓN EN DERECHO COMERCIAL;102487;32;4;12310000;1;1;1;"2016-05-01";sitioweb@uexternado.edu.co
3264;14;451;ESPECIALIZACIÓN EN DERECHO CONSTITUCIONAL;102488;32;4;12310000;1;1;1;"2016-05-01";sitioweb@uexternado.edu.co
3265;14;452;ESPECIALIZACIÓN EN PENSAMIENTO ESTRATÉGICO Y PROSPECTIVA;102495;34;4;18351000;3;1;1;"2016-05-01";sitioweb@uexternado.edu.co
3266;14;59;MAESTRÍA VIRTUAL EN TRIBUTACIÓN INTERNACIONAL, COMERCIO EXTERIOR Y ADUANAS;102529;32;5;14600000;4;3;1;"2016-05-01";sitioweb@uexternado.edu.co
3267;14;453;ESPECIALIZACIÓN EN DERECHO ADMINISTRATIVO;102556;32;4;12895000;1;1;1;"2016-05-01";sitioweb@uexternado.edu.co
3268;14;59;ESPECIALIZACIÓN EN ALTA GERENCIA DE AGENCIAS DE VIAJES;102557;58;4;11082000;2;1;1;"2016-05-01";sitioweb@uexternado.edu.co
3269;14;59;ESPECIALIZACIÓN EN NUEVAS TECNOLOGÍAS, INNOVACIÓN Y GESTIÓN DE CIUDADES;102558;32;4;15171000;1;1;1;"2016-05-01";sitioweb@uexternado.edu.co
3270;14;59;ESPECIALIZACIÓN EN MARKETING POLITICO Y ESTRATEGIAS DE CAMPAÑA;102559;33;4;14832000;1;1;1;"2016-05-01";sitioweb@uexternado.edu.co
3271;14;59;MAESTRÍA EN RESPONSABILIDAD SOCIAL Y SOSTENIBILIDAD;102715;58;5;14302000;4;1;1;"2016-05-01";sitioweb@uexternado.edu.co
3272;14;459;ESPECIALIZACIÓN EN AUDITORÍA FORENSE;102857;35;4;13247000;1;1;1;"2016-05-01";sitioweb@uexternado.edu.co
3273;14;59;MAESTRÍA EN DERECHO ECONÓMICO INTERNACIONAL;102900;32;5;0;2;1;1;"2016-05-01";sitioweb@uexternado.edu.co
3274;14;452;ESPECIALIZACIÓN EN AUDITORÍA FORENSE;102931;35;4;13247000;1;1;1;"2016-05-01";sitioweb@uexternado.edu.co
3275;14;450;ESPECIALIZACIÓN EN CONTROL GERENCIAL CORPORATIVO;102959;35;4;13248000;1;1;1;"2016-05-01";sitioweb@uexternado.edu.co
3276;14;449;ESPECIALIZACIÓN EN CONTROL GERENCIAL CORPORATIVO;102960;35;4;13248000;1;1;1;"2016-05-01";sitioweb@uexternado.edu.co
3277;14;59;ESPECIALIZACIÓN EN ECONOMÍA URBANA Y REGIONAL;103010;36;4;17338000;1;1;1;"2016-05-01";sitioweb@uexternado.edu.co
3278;14;451;ESPECIALIZACIÓN EN DERECHO COMERCIAL;103028;32;4;12310000;1;1;1;"2016-05-01";sitioweb@uexternado.edu.co
3279;14;59;DOCTORADO EN ADMINISTRACIÓN;103030;34;6;19000000;8;1;1;"2016-05-01";sitioweb@uexternado.edu.co
3280;14;453;ESPECIALIZACIÓN EN DERECHO PROCESAL CIVIL;103077;32;4;11216000;1;1;1;"2016-05-01";sitioweb@uexternado.edu.co
3281;14;454;ESPECIALIZACIÓN INTERNACIONAL EN DERECHO DEL TRANSPORTE;103078;32;4;12310000;1;1;1;"2016-05-01";sitioweb@uexternado.edu.co
3282;14;450;ESPECIALIZACI¿N EN DERECHO PROCESAL CIVIL;103079;32;4;11216000;1;1;1;"2016-05-01";sitioweb@uexternado.edu.co
3283;14;449;ESPECIALIZACIÓN EN DERECHO COMERCIAL;103080;32;4;12310000;1;1;1;"2016-05-01";sitioweb@uexternado.edu.co
3284;14;59;MAESTRÍA EN DERECHO INFORMÁTICO Y DE LAS NUEVAS TECNOLOGÍAS;103115;32;5;14600000;2;1;1;"2016-05-01";sitioweb@uexternado.edu.co
3285;14;59;MAESTRÍA EN GESTIÓN INTEGRAL DEL RIESGO;103116;58;5;16050000;2;1;1;"2016-05-01";sitioweb@uexternado.edu.co
3286;14;59;MAESTRÍA EN INTEGRACIÓN Y GLOBALIZACIÓN;103117;33;5;15083000;2;1;1;"2016-05-01";sitioweb@uexternado.edu.co
3287;14;59;MAESTRÍA EN DERECHO CONSTITUCIONAL;103262;32;5;14600000;2;1;1;"2016-05-01";sitioweb@uexternado.edu.co
3288;14;451;ESPECIALIZACIÓN EN DERECHO ADMINISTRATIVO;103387;32;4;12895000;1;1;1;"2016-05-01";sitioweb@uexternado.edu.co
3289;14;59;ESPECIALIZACIÓN EN DERECHO DE TIERRAS;103388;32;4;12310000;1;1;1;"2016-05-01";sitioweb@uexternado.edu.co
3290;14;59;MAESTRÍA EN JUSTICIA TRANSICIONAL, DERECHOS HUMANOS Y CONFLICTO;103506;32;5;14600000;2;1;1;"2016-05-01";sitioweb@uexternado.edu.co
3291;14;460;ESPECIALIZACIÓN EN GERENCIA Y ADMINISTRACIÓN TRIBUTARIA;103779;34;4;12550000;1;1;1;"2016-05-01";sitioweb@uexternado.edu.co
3292;14;460;ESPECIALIZACIÓN EN AUDITORÍA FORENSE;103786;35;4;13247000;1;1;1;"2016-05-01";sitioweb@uexternado.edu.co
3293;14;59;ESPECIALIZACIÓN EN ECONOMETRÍA;103852;36;4;17338000;1;1;1;"2016-05-01";sitioweb@uexternado.edu.co
3294;14;59;ESPECIALIZACI¿N EN DERECHO TRIBUTARIO CORPORATIVO;104095;32;4;12895000;1;1;1;"2016-05-01";sitioweb@uexternado.edu.co
3295;14;451;ESPECIALIZACIÓN EN DERECHO LABORAL Y RELACIONES INDUSTRIALES;104164;32;4;12310000;1;1;1;"2016-05-01";sitioweb@uexternado.edu.co
3296;14;59;MAESTRÍA EN GERENCIA ESTRATÉGICA DE TECNOLOGÍAS DE INFORMACIÓN;104331;58;5;16500000;4;1;1;"2016-05-01";sitioweb@uexternado.edu.co
3297;14;59;ESPECIALIZACIÓN EN CONTROL Y RESPONSABILIDAD FISCAL;104373;32;4;12310000;1;1;1;"2016-05-01";sitioweb@uexternado.edu.co
3298;14;59;MAESTRÍA EN ESTUDIOS DEL TERRITORIO;104479;23;5;9594000;5;1;1;"2016-05-01";sitioweb@uexternado.edu.co
3299;14;59;MAESTR¿A EN DIN¿MICAS RURALES Y GLOBALIZACI¿N;104685;58;5;12600000;4;1;1;"2016-05-01";sitioweb@uexternado.edu.co
3300;14;59;MAESTR¿A EN DERECHO ECON¿MICO;104699;32;5;14600000;2;1;1;"2016-05-01";sitioweb@uexternado.edu.co
3301;14;59;MAESTR¿A EN DERECHO DEL ESTADO;104735;32;5;14600000;2;1;1;"2016-05-01";sitioweb@uexternado.edu.co
3302;14;59;MAESTR¿A EN JUSTICIA Y TUTELA DE LOS DERECHOS;104800;32;5;14600000;2;1;1;"2016-05-01";sitioweb@uexternado.edu.co
3303;14;59;MAESTR¿A EN DERECHO PRIVADO, PERSONA Y SOCIEDAD;104801;32;5;14600000;2;1;1;"2016-05-01";sitioweb@uexternado.edu.co
3304;14;59;MAESTR¿A EN DERECHO INTERNACIONAL;104802;32;5;14600000;2;1;1;"2016-05-01";sitioweb@uexternado.edu.co
3305;14;460;ESPECIALIZACI¿N  EN GESTI¿N DE CIUDAD Y TERRITORIO;104812;32;4;12310000;1;1;1;"2016-05-01";sitioweb@uexternado.edu.co
3306;14;59;ESPECIALIZACI¿N EN GESTI¿N DE CIUDAD Y TERRITORIO;104815;34;4;12310000;2;1;1;"2016-05-01";sitioweb@uexternado.edu.co
3307;14;452;ESPECIALIZACI¿N EN GESTI¿N DE CIUDAD Y TERRITORIO;104816;34;4;12310000;1;1;1;"2016-05-01";sitioweb@uexternado.edu.co
3308;14;59;ESPECIALIZACI¿N EN ECONOM¿A SOCIAL;104988;36;4;17338000;1;1;1;"2016-05-01";sitioweb@uexternado.edu.co
3309;14;59;MAESTR¿A EN PLANEACI¿N TERRITORIAL Y DIN¿MICAS DE POBLACI¿N;104997;58;5;0;4;1;1;"2016-05-01";sitioweb@uexternado.edu.co
3310;14;59;CONSERVACION Y RESTAURACION DE PATRIMONIO CULTURAL MUEBLE;105143;4;3;0;10;1;1;"2016-05-01";sitioweb@uexternado.edu.co
3311;14;459;ESPECIALIZACION EN GERENCIA Y ADMINISTRACION TRIBUTARIA;105144;35;4;0;1;1;1;"2016-05-01";sitioweb@uexternado.edu.co
3312;14;453;ESPECIALIZACI¿N EN DERECHOS HUMANOS Y DERECHO INTERNACIONAL HUMANITARIO;105160;32;4;0;1;1;1;"2016-05-01";sitioweb@uexternado.edu.co
3313;14;59;ESPECIALIZACI¿N EN DERECHO PARLAMENTARIO Y PR¿CTICA DE LA DEMOCRACIA;105166;32;4;0;1;1;1;"2016-05-01";sitioweb@uexternado.edu.co
3314;14;451;ESPECIALIZACIÓN EN NUEVAS TECNOLOGÍAS, INNOVACIÓN Y GESTIÓN DE CIUDADES;105178;37;4;0;1;1;1;"2016-05-01";sitioweb@uexternado.edu.co
3315;14;59;ESPECIALIZACIÓN EN VALUACIÓN DE ACTIVOS Y PROPIEDAD INTELECTUAL;105418;58;4;0;1;1;1;"2016-05-01";sitioweb@uexternado.edu.co
